{
  "id": "1624412",
  "name": "智火约课",
  "font_family": "iconfont",
  "css_prefix_text": "icon-",
  "description": "",
  "glyphs": [
    {
      "icon_id": "2076233",
      "name": " 会员卡",
      "font_class": "huiyuanqia",
      "unicode": "e886",
      "unicode_decimal": 59526
    },
    {
      "icon_id": "2116298",
      "name": "时间",
      "font_class": "time_icon",
      "unicode": "e665",
      "unicode_decimal": 58981
    },
    {
      "icon_id": "9021537",
      "name": "左箭头",
      "font_class": "zuojiantou",
      "unicode": "e635",
      "unicode_decimal": 58933
    },
    {
      "icon_id": "886695",
      "name": "地址",
      "font_class": "dizhi",
      "unicode": "e60d",
      "unicode_decimal": 58893
    },
    {
      "icon_id": "1048856",
      "name": "回复",
      "font_class": "icon_reply",
      "unicode": "e60a",
      "unicode_decimal": 58890
    },
    {
      "icon_id": "5766088",
      "name": "课时_m",
      "font_class": "keshi_m",
      "unicode": "e664",
      "unicode_decimal": 58980
    },
    {
      "icon_id": "5771062",
      "name": "意见反馈",
      "font_class": "Opinion",
      "unicode": "e613",
      "unicode_decimal": 58899
    },
    {
      "icon_id": "6560965",
      "name": "课程",
      "font_class": "kecheng",
      "unicode": "e60b",
      "unicode_decimal": 58891
    },
    {
      "icon_id": "8487967",
      "name": "127老师",
      "font_class": "laoshi",
      "unicode": "e65a",
      "unicode_decimal": 58970
    },
    {
      "icon_id": "12025959",
      "name": "分享",
      "font_class": "fenxiang",
      "unicode": "e7a5",
      "unicode_decimal": 59301
    },
    {
      "icon_id": "6204091",
      "name": "关  闭",
      "font_class": "guanbi",
      "unicode": "e609",
      "unicode_decimal": 58889
    },
    {
      "icon_id": "10995987",
      "name": "写评论",
      "font_class": "xiepinglun",
      "unicode": "e611",
      "unicode_decimal": 58897
    },
    {
      "icon_id": "15368",
      "name": "上三角形",
      "font_class": "shangsanjiaoxing",
      "unicode": "e643",
      "unicode_decimal": 58947
    },
    {
      "icon_id": "15367",
      "name": "下三角形",
      "font_class": "xiasanjiaoxing",
      "unicode": "e642",
      "unicode_decimal": 58946
    },
    {
      "icon_id": "1215755",
      "name": "加",
      "font_class": "jia",
      "unicode": "e621",
      "unicode_decimal": 58913
    },
    {
      "icon_id": "2570141",
      "name": "删除",
      "font_class": "shanchu",
      "unicode": "e663",
      "unicode_decimal": 58979
    },
    {
      "icon_id": "6250621",
      "name": "暂无",
      "font_class": "zanwu",
      "unicode": "e70c",
      "unicode_decimal": 59148
    },
    {
      "icon_id": "9982149",
      "name": "花",
      "font_class": "hua",
      "unicode": "e62c",
      "unicode_decimal": 58924
    },
    {
      "icon_id": "584252",
      "name": "右箭头",
      "font_class": "iconfontjiantou6",
      "unicode": "e636",
      "unicode_decimal": 58934
    },
    {
      "icon_id": "689311",
      "name": "消息 信封 news 2",
      "font_class": "xiaoxixinfengnews2",
      "unicode": "e828",
      "unicode_decimal": 59432
    },
    {
      "icon_id": "807976",
      "name": "我的",
      "font_class": "wode",
      "unicode": "e638",
      "unicode_decimal": 58936
    },
    {
      "icon_id": "4315715",
      "name": "预约活动",
      "font_class": "yuyuehuodong",
      "unicode": "e620",
      "unicode_decimal": 58912
    },
    {
      "icon_id": "6997493",
      "name": "我 的",
      "font_class": "wodedangxuan",
      "unicode": "e608",
      "unicode_decimal": 58888
    }
  ]
}
